id,node_id,name,full_name,private,html_url,description,fork,url,forks_url,keys_url,collaborators_url,teams_url,hooks_url,issue_events_url,events_url,assignees_url,branches_url,tags_url,blobs_url,git_tags_url,git_refs_url,trees_url,statuses_url,languages_url,stargazers_url,contributors_url,subscribers_url,subscription_url,commits_url,git_commits_url,comments_url,issue_comment_url,contents_url,compare_url,merges_url,archive_url,downloads_url,issues_url,pulls_url,milestones_url,notifications_url,labels_url,releases_url,deployments_url,created_at,updated_at,pushed_at,git_url,ssh_url,clone_url,svn_url,homepage,size,stargazers_count,watchers_count,language,has_issues,has_projects,has_downloads,has_wiki,has_pages,has_discussions,forks_count,mirror_url,archived,disabled,open_issues_count,license,allow_forking,is_template,web_commit_signoff_required,topics,visibility,forks,open_issues,watchers,default_branch,score,owner.login,owner.id,owner.node_id,owner.avatar_url,owner.gravatar_id,owner.url,owner.html_url,owner.followers_url,owner.following_url,owner.gists_url,owner.starred_url,owner.subscriptions_url,owner.organizations_url,owner.repos_url,owner.events_url,owner.received_events_url,owner.type,owner.site_admin,permissions.admin,permissions.maintain,permissions.push,permissions.triage,permissions.pull,license.key,license.name,license.spdx_id,license.url,license.node_id,search_query,search_term,search_term_source,search_type,natural_language
2044033,MDEwOlJlcG9zaXRvcnkyMDQ0MDMz,ledmac,maieul/ledmac,False,https://github.com/maieul/ledmac,package reledmac for latex,False,https://api.github.com/repos/maieul/ledmac,https://api.github.com/repos/maieul/ledmac/forks,https://api.github.com/repos/maieul/ledmac/keys{/key_id},https://api.github.com/repos/maieul/ledmac/collaborators{/collaborator},https://api.github.com/repos/maieul/ledmac/teams,https://api.github.com/repos/maieul/ledmac/hooks,https://api.github.com/repos/maieul/ledmac/issues/events{/number},https://api.github.com/repos/maieul/ledmac/events,https://api.github.com/repos/maieul/ledmac/assignees{/user},https://api.github.com/repos/maieul/ledmac/branches{/branch},https://api.github.com/repos/maieul/ledmac/tags,https://api.github.com/repos/maieul/ledmac/git/blobs{/sha},https://api.github.com/repos/maieul/ledmac/git/tags{/sha},https://api.github.com/repos/maieul/ledmac/git/refs{/sha},https://api.github.com/repos/maieul/ledmac/git/trees{/sha},https://api.github.com/repos/maieul/ledmac/statuses/{sha},https://api.github.com/repos/maieul/ledmac/languages,https://api.github.com/repos/maieul/ledmac/stargazers,https://api.github.com/repos/maieul/ledmac/contributors,https://api.github.com/repos/maieul/ledmac/subscribers,https://api.github.com/repos/maieul/ledmac/subscription,https://api.github.com/repos/maieul/ledmac/commits{/sha},https://api.github.com/repos/maieul/ledmac/git/commits{/sha},https://api.github.com/repos/maieul/ledmac/comments{/number},https://api.github.com/repos/maieul/ledmac/issues/comments{/number},https://api.github.com/repos/maieul/ledmac/contents/{+path},https://api.github.com/repos/maieul/ledmac/compare/{base}...{head},https://api.github.com/repos/maieul/ledmac/merges,https://api.github.com/repos/maieul/ledmac/{archive_format}{/ref},https://api.github.com/repos/maieul/ledmac/downloads,https://api.github.com/repos/maieul/ledmac/issues{/number},https://api.github.com/repos/maieul/ledmac/pulls{/number},https://api.github.com/repos/maieul/ledmac/milestones{/number},"https://api.github.com/repos/maieul/ledmac/notifications{?since,all,participating}",https://api.github.com/repos/maieul/ledmac/labels{/name},https://api.github.com/repos/maieul/ledmac/releases{/id},https://api.github.com/repos/maieul/ledmac/deployments,2011-07-13T20:25:23Z,2022-07-14T23:19:49Z,2022-09-13T14:57:30Z,git://github.com/maieul/ledmac.git,git@github.com:maieul/ledmac.git,https://github.com/maieul/ledmac.git,https://github.com/maieul/ledmac,http://www.ctan.org/tex-archive/macros/latex/contrib/reledmac,159148,50,50,TeX,True,True,True,True,False,False,26,,False,False,108,,True,False,False,"['humanities', 'latex', 'latex-package', 'scholarly-editing']",public,26,108,50,master,1.0,maieul,636640,MDQ6VXNlcjYzNjY0MA==,https://avatars.githubusercontent.com/u/636640?v=4,,https://api.github.com/users/maieul,https://github.com/maieul,https://api.github.com/users/maieul/followers,https://api.github.com/users/maieul/following{/other_user},https://api.github.com/users/maieul/gists{/gist_id},https://api.github.com/users/maieul/starred{/owner}{/repo},https://api.github.com/users/maieul/subscriptions,https://api.github.com/users/maieul/orgs,https://api.github.com/users/maieul/repos,https://api.github.com/users/maieul/events{/privacy},https://api.github.com/users/maieul/received_events,User,False,False,False,False,False,True,,,,,,https://api.github.com/search/repositories?q=%22Humanities%22+created%3A2011-01-01..2011-12-31+sort:created&per_page=100&page=1,Humanities,Humanities,searched,"en, ku, mg, sm, sn, tl, fy"
1928167,MDEwOlJlcG9zaXRvcnkxOTI4MTY3,WordSeer,silverasm/WordSeer,False,https://github.com/silverasm/WordSeer,A text analysis interface for the humanities,False,https://api.github.com/repos/silverasm/WordSeer,https://api.github.com/repos/silverasm/WordSeer/forks,https://api.github.com/repos/silverasm/WordSeer/keys{/key_id},https://api.github.com/repos/silverasm/WordSeer/collaborators{/collaborator},https://api.github.com/repos/silverasm/WordSeer/teams,https://api.github.com/repos/silverasm/WordSeer/hooks,https://api.github.com/repos/silverasm/WordSeer/issues/events{/number},https://api.github.com/repos/silverasm/WordSeer/events,https://api.github.com/repos/silverasm/WordSeer/assignees{/user},https://api.github.com/repos/silverasm/WordSeer/branches{/branch},https://api.github.com/repos/silverasm/WordSeer/tags,https://api.github.com/repos/silverasm/WordSeer/git/blobs{/sha},https://api.github.com/repos/silverasm/WordSeer/git/tags{/sha},https://api.github.com/repos/silverasm/WordSeer/git/refs{/sha},https://api.github.com/repos/silverasm/WordSeer/git/trees{/sha},https://api.github.com/repos/silverasm/WordSeer/statuses/{sha},https://api.github.com/repos/silverasm/WordSeer/languages,https://api.github.com/repos/silverasm/WordSeer/stargazers,https://api.github.com/repos/silverasm/WordSeer/contributors,https://api.github.com/repos/silverasm/WordSeer/subscribers,https://api.github.com/repos/silverasm/WordSeer/subscription,https://api.github.com/repos/silverasm/WordSeer/commits{/sha},https://api.github.com/repos/silverasm/WordSeer/git/commits{/sha},https://api.github.com/repos/silverasm/WordSeer/comments{/number},https://api.github.com/repos/silverasm/WordSeer/issues/comments{/number},https://api.github.com/repos/silverasm/WordSeer/contents/{+path},https://api.github.com/repos/silverasm/WordSeer/compare/{base}...{head},https://api.github.com/repos/silverasm/WordSeer/merges,https://api.github.com/repos/silverasm/WordSeer/{archive_format}{/ref},https://api.github.com/repos/silverasm/WordSeer/downloads,https://api.github.com/repos/silverasm/WordSeer/issues{/number},https://api.github.com/repos/silverasm/WordSeer/pulls{/number},https://api.github.com/repos/silverasm/WordSeer/milestones{/number},"https://api.github.com/repos/silverasm/WordSeer/notifications{?since,all,participating}",https://api.github.com/repos/silverasm/WordSeer/labels{/name},https://api.github.com/repos/silverasm/WordSeer/releases{/id},https://api.github.com/repos/silverasm/WordSeer/deployments,2011-06-21T08:46:40Z,2018-06-25T19:08:55Z,2011-06-23T05:08:56Z,git://github.com/silverasm/WordSeer.git,git@github.com:silverasm/WordSeer.git,https://github.com/silverasm/WordSeer.git,https://github.com/silverasm/WordSeer,http://eecs.berkeley.edu/~aditi/projects/wordseer.html,228963,27,27,JavaScript,True,True,True,True,False,False,6,,False,False,0,,True,False,False,[],public,6,0,27,master,1.0,silverasm,262604,MDQ6VXNlcjI2MjYwNA==,https://avatars.githubusercontent.com/u/262604?v=4,,https://api.github.com/users/silverasm,https://github.com/silverasm,https://api.github.com/users/silverasm/followers,https://api.github.com/users/silverasm/following{/other_user},https://api.github.com/users/silverasm/gists{/gist_id},https://api.github.com/users/silverasm/starred{/owner}{/repo},https://api.github.com/users/silverasm/subscriptions,https://api.github.com/users/silverasm/orgs,https://api.github.com/users/silverasm/repos,https://api.github.com/users/silverasm/events{/privacy},https://api.github.com/users/silverasm/received_events,User,False,False,False,False,False,True,,,,,,https://api.github.com/search/repositories?q=%22Humanities%22+created%3A2011-01-01..2011-12-31+sort:created&per_page=100&page=1,Humanities,Humanities,searched,"en, ku, mg, sm, sn, tl, fy"
1758625,MDEwOlJlcG9zaXRvcnkxNzU4NjI1,rletters,cpence/rletters,False,https://github.com/cpence/rletters,[MOVED to Codeberg] Web application designed to perform digital humanities research tasks on a database of journal articles,False,https://api.github.com/repos/cpence/rletters,https://api.github.com/repos/cpence/rletters/forks,https://api.github.com/repos/cpence/rletters/keys{/key_id},https://api.github.com/repos/cpence/rletters/collaborators{/collaborator},https://api.github.com/repos/cpence/rletters/teams,https://api.github.com/repos/cpence/rletters/hooks,https://api.github.com/repos/cpence/rletters/issues/events{/number},https://api.github.com/repos/cpence/rletters/events,https://api.github.com/repos/cpence/rletters/assignees{/user},https://api.github.com/repos/cpence/rletters/branches{/branch},https://api.github.com/repos/cpence/rletters/tags,https://api.github.com/repos/cpence/rletters/git/blobs{/sha},https://api.github.com/repos/cpence/rletters/git/tags{/sha},https://api.github.com/repos/cpence/rletters/git/refs{/sha},https://api.github.com/repos/cpence/rletters/git/trees{/sha},https://api.github.com/repos/cpence/rletters/statuses/{sha},https://api.github.com/repos/cpence/rletters/languages,https://api.github.com/repos/cpence/rletters/stargazers,https://api.github.com/repos/cpence/rletters/contributors,https://api.github.com/repos/cpence/rletters/subscribers,https://api.github.com/repos/cpence/rletters/subscription,https://api.github.com/repos/cpence/rletters/commits{/sha},https://api.github.com/repos/cpence/rletters/git/commits{/sha},https://api.github.com/repos/cpence/rletters/comments{/number},https://api.github.com/repos/cpence/rletters/issues/comments{/number},https://api.github.com/repos/cpence/rletters/contents/{+path},https://api.github.com/repos/cpence/rletters/compare/{base}...{head},https://api.github.com/repos/cpence/rletters/merges,https://api.github.com/repos/cpence/rletters/{archive_format}{/ref},https://api.github.com/repos/cpence/rletters/downloads,https://api.github.com/repos/cpence/rletters/issues{/number},https://api.github.com/repos/cpence/rletters/pulls{/number},https://api.github.com/repos/cpence/rletters/milestones{/number},"https://api.github.com/repos/cpence/rletters/notifications{?since,all,participating}",https://api.github.com/repos/cpence/rletters/labels{/name},https://api.github.com/repos/cpence/rletters/releases{/id},https://api.github.com/repos/cpence/rletters/deployments,2011-05-17T01:33:54Z,2022-09-15T13:20:00Z,2020-05-20T14:21:17Z,git://github.com/cpence/rletters.git,git@github.com:cpence/rletters.git,https://github.com/cpence/rletters.git,https://github.com/cpence/rletters,https://www.rletters.net,12844,28,28,,True,True,True,False,False,False,5,,True,False,18,,True,False,False,"['digital-humanities', 'rails', 'ruby', 'ruby-on-rails', 'text-analysis']",public,5,18,28,master,1.0,cpence,297075,MDQ6VXNlcjI5NzA3NQ==,https://avatars.githubusercontent.com/u/297075?v=4,,https://api.github.com/users/cpence,https://github.com/cpence,https://api.github.com/users/cpence/followers,https://api.github.com/users/cpence/following{/other_user},https://api.github.com/users/cpence/gists{/gist_id},https://api.github.com/users/cpence/starred{/owner}{/repo},https://api.github.com/users/cpence/subscriptions,https://api.github.com/users/cpence/orgs,https://api.github.com/users/cpence/repos,https://api.github.com/users/cpence/events{/privacy},https://api.github.com/users/cpence/received_events,User,False,False,False,False,False,True,,,,,,https://api.github.com/search/repositories?q=%22Humanities%22+created%3A2011-01-01..2011-12-31+sort:created&per_page=100&page=1,Humanities,Humanities,searched,"en, ku, mg, sm, sn, tl, fy"
1637385,MDEwOlJlcG9zaXRvcnkxNjM3Mzg1,athanasius_old,humanitiesplusdesign/athanasius_old,False,https://github.com/humanitiesplusdesign/athanasius_old,Visual tools for digital humanities.  ,False,https://api.github.com/repos/humanitiesplusdesign/athanasius_old,https://api.github.com/repos/humanitiesplusdesign/athanasius_old/forks,https://api.github.com/repos/humanitiesplusdesign/athanasius_old/keys{/key_id},https://api.github.com/repos/humanitiesplusdesign/athanasius_old/collaborators{/collaborator},https://api.github.com/repos/humanitiesplusdesign/athanasius_old/teams,https://api.github.com/repos/humanitiesplusdesign/athanasius_old/hooks,https://api.github.com/repos/humanitiesplusdesign/athanasius_old/issues/events{/number},https://api.github.com/repos/humanitiesplusdesign/athanasius_old/events,https://api.github.com/repos/humanitiesplusdesign/athanasius_old/assignees{/user},https://api.github.com/repos/humanitiesplusdesign/athanasius_old/branches{/branch},https://api.github.com/repos/humanitiesplusdesign/athanasius_old/tags,https://api.github.com/repos/humanitiesplusdesign/athanasius_old/git/blobs{/sha},https://api.github.com/repos/humanitiesplusdesign/athanasius_old/git/tags{/sha},https://api.github.com/repos/humanitiesplusdesign/athanasius_old/git/refs{/sha},https://api.github.com/repos/humanitiesplusdesign/athanasius_old/git/trees{/sha},https://api.github.com/repos/humanitiesplusdesign/athanasius_old/statuses/{sha},https://api.github.com/repos/humanitiesplusdesign/athanasius_old/languages,https://api.github.com/repos/humanitiesplusdesign/athanasius_old/stargazers,https://api.github.com/repos/humanitiesplusdesign/athanasius_old/contributors,https://api.github.com/repos/humanitiesplusdesign/athanasius_old/subscribers,https://api.github.com/repos/humanitiesplusdesign/athanasius_old/subscription,https://api.github.com/repos/humanitiesplusdesign/athanasius_old/commits{/sha},https://api.github.com/repos/humanitiesplusdesign/athanasius_old/git/commits{/sha},https://api.github.com/repos/humanitiesplusdesign/athanasius_old/comments{/number},https://api.github.com/repos/humanitiesplusdesign/athanasius_old/issues/comments{/number},https://api.github.com/repos/humanitiesplusdesign/athanasius_old/contents/{+path},https://api.github.com/repos/humanitiesplusdesign/athanasius_old/compare/{base}...{head},https://api.github.com/repos/humanitiesplusdesign/athanasius_old/merges,https://api.github.com/repos/humanitiesplusdesign/athanasius_old/{archive_format}{/ref},https://api.github.com/repos/humanitiesplusdesign/athanasius_old/downloads,https://api.github.com/repos/humanitiesplusdesign/athanasius_old/issues{/number},https://api.github.com/repos/humanitiesplusdesign/athanasius_old/pulls{/number},https://api.github.com/repos/humanitiesplusdesign/athanasius_old/milestones{/number},"https://api.github.com/repos/humanitiesplusdesign/athanasius_old/notifications{?since,all,participating}",https://api.github.com/repos/humanitiesplusdesign/athanasius_old/labels{/name},https://api.github.com/repos/humanitiesplusdesign/athanasius_old/releases{/id},https://api.github.com/repos/humanitiesplusdesign/athanasius_old/deployments,2011-04-19T20:17:51Z,2020-05-01T16:38:05Z,2011-04-27T21:50:06Z,git://github.com/humanitiesplusdesign/athanasius_old.git,git@github.com:humanitiesplusdesign/athanasius_old.git,https://github.com/humanitiesplusdesign/athanasius_old.git,https://github.com/humanitiesplusdesign/athanasius_old,,1123,4,4,JavaScript,True,True,True,True,False,False,1,,False,False,0,,True,False,False,[],public,1,0,4,master,1.0,humanitiesplusdesign,725867,MDEyOk9yZ2FuaXphdGlvbjcyNTg2Nw==,https://avatars.githubusercontent.com/u/725867?v=4,,https://api.github.com/users/humanitiesplusdesign,https://github.com/humanitiesplusdesign,https://api.github.com/users/humanitiesplusdesign/followers,https://api.github.com/users/humanitiesplusdesign/following{/other_user},https://api.github.com/users/humanitiesplusdesign/gists{/gist_id},https://api.github.com/users/humanitiesplusdesign/starred{/owner}{/repo},https://api.github.com/users/humanitiesplusdesign/subscriptions,https://api.github.com/users/humanitiesplusdesign/orgs,https://api.github.com/users/humanitiesplusdesign/repos,https://api.github.com/users/humanitiesplusdesign/events{/privacy},https://api.github.com/users/humanitiesplusdesign/received_events,Organization,False,False,False,False,False,True,other,Other,NOASSERTION,,MDc6TGljZW5zZTA=,https://api.github.com/search/repositories?q=%22Humanities%22+created%3A2011-01-01..2011-12-31+sort:created&per_page=100&page=1,Humanities,Humanities,searched,"en, ku, mg, sm, sn, tl, fy"
2217166,MDEwOlJlcG9zaXRvcnkyMjE3MTY2,humedit,gkthiruvathukal/humedit,False,https://github.com/gkthiruvathukal/humedit,Humanities Editor,False,https://api.github.com/repos/gkthiruvathukal/humedit,https://api.github.com/repos/gkthiruvathukal/humedit/forks,https://api.github.com/repos/gkthiruvathukal/humedit/keys{/key_id},https://api.github.com/repos/gkthiruvathukal/humedit/collaborators{/collaborator},https://api.github.com/repos/gkthiruvathukal/humedit/teams,https://api.github.com/repos/gkthiruvathukal/humedit/hooks,https://api.github.com/repos/gkthiruvathukal/humedit/issues/events{/number},https://api.github.com/repos/gkthiruvathukal/humedit/events,https://api.github.com/repos/gkthiruvathukal/humedit/assignees{/user},https://api.github.com/repos/gkthiruvathukal/humedit/branches{/branch},https://api.github.com/repos/gkthiruvathukal/humedit/tags,https://api.github.com/repos/gkthiruvathukal/humedit/git/blobs{/sha},https://api.github.com/repos/gkthiruvathukal/humedit/git/tags{/sha},https://api.github.com/repos/gkthiruvathukal/humedit/git/refs{/sha},https://api.github.com/repos/gkthiruvathukal/humedit/git/trees{/sha},https://api.github.com/repos/gkthiruvathukal/humedit/statuses/{sha},https://api.github.com/repos/gkthiruvathukal/humedit/languages,https://api.github.com/repos/gkthiruvathukal/humedit/stargazers,https://api.github.com/repos/gkthiruvathukal/humedit/contributors,https://api.github.com/repos/gkthiruvathukal/humedit/subscribers,https://api.github.com/repos/gkthiruvathukal/humedit/subscription,https://api.github.com/repos/gkthiruvathukal/humedit/commits{/sha},https://api.github.com/repos/gkthiruvathukal/humedit/git/commits{/sha},https://api.github.com/repos/gkthiruvathukal/humedit/comments{/number},https://api.github.com/repos/gkthiruvathukal/humedit/issues/comments{/number},https://api.github.com/repos/gkthiruvathukal/humedit/contents/{+path},https://api.github.com/repos/gkthiruvathukal/humedit/compare/{base}...{head},https://api.github.com/repos/gkthiruvathukal/humedit/merges,https://api.github.com/repos/gkthiruvathukal/humedit/{archive_format}{/ref},https://api.github.com/repos/gkthiruvathukal/humedit/downloads,https://api.github.com/repos/gkthiruvathukal/humedit/issues{/number},https://api.github.com/repos/gkthiruvathukal/humedit/pulls{/number},https://api.github.com/repos/gkthiruvathukal/humedit/milestones{/number},"https://api.github.com/repos/gkthiruvathukal/humedit/notifications{?since,all,participating}",https://api.github.com/repos/gkthiruvathukal/humedit/labels{/name},https://api.github.com/repos/gkthiruvathukal/humedit/releases{/id},https://api.github.com/repos/gkthiruvathukal/humedit/deployments,2011-08-16T17:42:28Z,2014-11-17T01:52:59Z,2011-08-21T13:46:39Z,git://github.com/gkthiruvathukal/humedit.git,git@github.com:gkthiruvathukal/humedit.git,https://github.com/gkthiruvathukal/humedit.git,https://github.com/gkthiruvathukal/humedit,,84,2,2,,True,True,True,True,False,False,1,,False,False,0,,True,False,False,[],public,1,0,2,master,1.0,gkthiruvathukal,651504,MDQ6VXNlcjY1MTUwNA==,https://avatars.githubusercontent.com/u/651504?v=4,,https://api.github.com/users/gkthiruvathukal,https://github.com/gkthiruvathukal,https://api.github.com/users/gkthiruvathukal/followers,https://api.github.com/users/gkthiruvathukal/following{/other_user},https://api.github.com/users/gkthiruvathukal/gists{/gist_id},https://api.github.com/users/gkthiruvathukal/starred{/owner}{/repo},https://api.github.com/users/gkthiruvathukal/subscriptions,https://api.github.com/users/gkthiruvathukal/orgs,https://api.github.com/users/gkthiruvathukal/repos,https://api.github.com/users/gkthiruvathukal/events{/privacy},https://api.github.com/users/gkthiruvathukal/received_events,User,False,False,False,False,False,True,,,,,,https://api.github.com/search/repositories?q=%22Humanities%22+created%3A2011-01-01..2011-12-31+sort:created&per_page=100&page=1,Humanities,Humanities,searched,"en, ku, mg, sm, sn, tl, fy"
2457161,MDEwOlJlcG9zaXRvcnkyNDU3MTYx,Stanford-Humanities-Center-Updater,starpow971/Stanford-Humanities-Center-Updater,False,https://github.com/starpow971/Stanford-Humanities-Center-Updater,,False,https://api.github.com/repos/starpow971/Stanford-Humanities-Center-Updater,https://api.github.com/repos/starpow971/Stanford-Humanities-Center-Updater/forks,https://api.github.com/repos/starpow971/Stanford-Humanities-Center-Updater/keys{/key_id},https://api.github.com/repos/starpow971/Stanford-Humanities-Center-Updater/collaborators{/collaborator},https://api.github.com/repos/starpow971/Stanford-Humanities-Center-Updater/teams,https://api.github.com/repos/starpow971/Stanford-Humanities-Center-Updater/hooks,https://api.github.com/repos/starpow971/Stanford-Humanities-Center-Updater/issues/events{/number},https://api.github.com/repos/starpow971/Stanford-Humanities-Center-Updater/events,https://api.github.com/repos/starpow971/Stanford-Humanities-Center-Updater/assignees{/user},https://api.github.com/repos/starpow971/Stanford-Humanities-Center-Updater/branches{/branch},https://api.github.com/repos/starpow971/Stanford-Humanities-Center-Updater/tags,https://api.github.com/repos/starpow971/Stanford-Humanities-Center-Updater/git/blobs{/sha},https://api.github.com/repos/starpow971/Stanford-Humanities-Center-Updater/git/tags{/sha},https://api.github.com/repos/starpow971/Stanford-Humanities-Center-Updater/git/refs{/sha},https://api.github.com/repos/starpow971/Stanford-Humanities-Center-Updater/git/trees{/sha},https://api.github.com/repos/starpow971/Stanford-Humanities-Center-Updater/statuses/{sha},https://api.github.com/repos/starpow971/Stanford-Humanities-Center-Updater/languages,https://api.github.com/repos/starpow971/Stanford-Humanities-Center-Updater/stargazers,https://api.github.com/repos/starpow971/Stanford-Humanities-Center-Updater/contributors,https://api.github.com/repos/starpow971/Stanford-Humanities-Center-Updater/subscribers,https://api.github.com/repos/starpow971/Stanford-Humanities-Center-Updater/subscription,https://api.github.com/repos/starpow971/Stanford-Humanities-Center-Updater/commits{/sha},https://api.github.com/repos/starpow971/Stanford-Humanities-Center-Updater/git/commits{/sha},https://api.github.com/repos/starpow971/Stanford-Humanities-Center-Updater/comments{/number},https://api.github.com/repos/starpow971/Stanford-Humanities-Center-Updater/issues/comments{/number},https://api.github.com/repos/starpow971/Stanford-Humanities-Center-Updater/contents/{+path},https://api.github.com/repos/starpow971/Stanford-Humanities-Center-Updater/compare/{base}...{head},https://api.github.com/repos/starpow971/Stanford-Humanities-Center-Updater/merges,https://api.github.com/repos/starpow971/Stanford-Humanities-Center-Updater/{archive_format}{/ref},https://api.github.com/repos/starpow971/Stanford-Humanities-Center-Updater/downloads,https://api.github.com/repos/starpow971/Stanford-Humanities-Center-Updater/issues{/number},https://api.github.com/repos/starpow971/Stanford-Humanities-Center-Updater/pulls{/number},https://api.github.com/repos/starpow971/Stanford-Humanities-Center-Updater/milestones{/number},"https://api.github.com/repos/starpow971/Stanford-Humanities-Center-Updater/notifications{?since,all,participating}",https://api.github.com/repos/starpow971/Stanford-Humanities-Center-Updater/labels{/name},https://api.github.com/repos/starpow971/Stanford-Humanities-Center-Updater/releases{/id},https://api.github.com/repos/starpow971/Stanford-Humanities-Center-Updater/deployments,2011-09-25T23:48:19Z,2014-06-04T07:22:14Z,2012-05-31T16:31:53Z,git://github.com/starpow971/Stanford-Humanities-Center-Updater.git,git@github.com:starpow971/Stanford-Humanities-Center-Updater.git,https://github.com/starpow971/Stanford-Humanities-Center-Updater.git,https://github.com/starpow971/Stanford-Humanities-Center-Updater,shc.stanford.edu,426,2,2,Python,True,True,True,True,False,False,1,,False,False,0,,True,False,False,[],public,1,0,2,master,1.0,starpow971,1079097,MDQ6VXNlcjEwNzkwOTc=,https://avatars.githubusercontent.com/u/1079097?v=4,,https://api.github.com/users/starpow971,https://github.com/starpow971,https://api.github.com/users/starpow971/followers,https://api.github.com/users/starpow971/following{/other_user},https://api.github.com/users/starpow971/gists{/gist_id},https://api.github.com/users/starpow971/starred{/owner}{/repo},https://api.github.com/users/starpow971/subscriptions,https://api.github.com/users/starpow971/orgs,https://api.github.com/users/starpow971/repos,https://api.github.com/users/starpow971/events{/privacy},https://api.github.com/users/starpow971/received_events,User,False,False,False,False,False,True,bsd-2-clause,"BSD 2-Clause ""Simplified"" License",BSD-2-Clause,https://api.github.com/licenses/bsd-2-clause,MDc6TGljZW5zZTQ=,https://api.github.com/search/repositories?q=%22Humanities%22+created%3A2011-01-01..2011-12-31+sort:created&per_page=100&page=1,Humanities,Humanities,searched,"en, ku, mg, sm, sn, tl, fy"
2779276,MDEwOlJlcG9zaXRvcnkyNzc5Mjc2,lorestore,uq-eresearch/lorestore,False,https://github.com/uq-eresearch/lorestore,"Repository for OAC annotations and ORE Resource maps. Used by Aus-e-Lit LORE, OAC annotation tools, AustESE and Digital Humanities projects at UQ.",False,https://api.github.com/repos/uq-eresearch/lorestore,https://api.github.com/repos/uq-eresearch/lorestore/forks,https://api.github.com/repos/uq-eresearch/lorestore/keys{/key_id},https://api.github.com/repos/uq-eresearch/lorestore/collaborators{/collaborator},https://api.github.com/repos/uq-eresearch/lorestore/teams,https://api.github.com/repos/uq-eresearch/lorestore/hooks,https://api.github.com/repos/uq-eresearch/lorestore/issues/events{/number},https://api.github.com/repos/uq-eresearch/lorestore/events,https://api.github.com/repos/uq-eresearch/lorestore/assignees{/user},https://api.github.com/repos/uq-eresearch/lorestore/branches{/branch},https://api.github.com/repos/uq-eresearch/lorestore/tags,https://api.github.com/repos/uq-eresearch/lorestore/git/blobs{/sha},https://api.github.com/repos/uq-eresearch/lorestore/git/tags{/sha},https://api.github.com/repos/uq-eresearch/lorestore/git/refs{/sha},https://api.github.com/repos/uq-eresearch/lorestore/git/trees{/sha},https://api.github.com/repos/uq-eresearch/lorestore/statuses/{sha},https://api.github.com/repos/uq-eresearch/lorestore/languages,https://api.github.com/repos/uq-eresearch/lorestore/stargazers,https://api.github.com/repos/uq-eresearch/lorestore/contributors,https://api.github.com/repos/uq-eresearch/lorestore/subscribers,https://api.github.com/repos/uq-eresearch/lorestore/subscription,https://api.github.com/repos/uq-eresearch/lorestore/commits{/sha},https://api.github.com/repos/uq-eresearch/lorestore/git/commits{/sha},https://api.github.com/repos/uq-eresearch/lorestore/comments{/number},https://api.github.com/repos/uq-eresearch/lorestore/issues/comments{/number},https://api.github.com/repos/uq-eresearch/lorestore/contents/{+path},https://api.github.com/repos/uq-eresearch/lorestore/compare/{base}...{head},https://api.github.com/repos/uq-eresearch/lorestore/merges,https://api.github.com/repos/uq-eresearch/lorestore/{archive_format}{/ref},https://api.github.com/repos/uq-eresearch/lorestore/downloads,https://api.github.com/repos/uq-eresearch/lorestore/issues{/number},https://api.github.com/repos/uq-eresearch/lorestore/pulls{/number},https://api.github.com/repos/uq-eresearch/lorestore/milestones{/number},"https://api.github.com/repos/uq-eresearch/lorestore/notifications{?since,all,participating}",https://api.github.com/repos/uq-eresearch/lorestore/labels{/name},https://api.github.com/repos/uq-eresearch/lorestore/releases{/id},https://api.github.com/repos/uq-eresearch/lorestore/deployments,2011-11-15T10:30:16Z,2017-04-06T19:46:12Z,2013-11-28T00:00:34Z,git://github.com/uq-eresearch/lorestore.git,git@github.com:uq-eresearch/lorestore.git,https://github.com/uq-eresearch/lorestore.git,https://github.com/uq-eresearch/lorestore,http://openannotation.metadata.net/,2095,3,3,JavaScript,True,True,True,True,False,False,3,,False,False,12,,True,False,False,[],public,3,12,3,master,1.0,uq-eresearch,1035082,MDEyOk9yZ2FuaXphdGlvbjEwMzUwODI=,https://avatars.githubusercontent.com/u/1035082?v=4,,https://api.github.com/users/uq-eresearch,https://github.com/uq-eresearch,https://api.github.com/users/uq-eresearch/followers,https://api.github.com/users/uq-eresearch/following{/other_user},https://api.github.com/users/uq-eresearch/gists{/gist_id},https://api.github.com/users/uq-eresearch/starred{/owner}{/repo},https://api.github.com/users/uq-eresearch/subscriptions,https://api.github.com/users/uq-eresearch/orgs,https://api.github.com/users/uq-eresearch/repos,https://api.github.com/users/uq-eresearch/events{/privacy},https://api.github.com/users/uq-eresearch/received_events,Organization,False,False,False,False,False,True,,,,,,https://api.github.com/search/repositories?q=%22Humanities%22+created%3A2011-01-01..2011-12-31+sort:created&per_page=100&page=1,Humanities,Humanities,searched,"en, ku, mg, sm, sn, tl, fy"
1773811,MDEwOlJlcG9zaXRvcnkxNzczODEx,Internships,camdub/Internships,False,https://github.com/camdub/Internships,Humanities Internship database.,False,https://api.github.com/repos/camdub/Internships,https://api.github.com/repos/camdub/Internships/forks,https://api.github.com/repos/camdub/Internships/keys{/key_id},https://api.github.com/repos/camdub/Internships/collaborators{/collaborator},https://api.github.com/repos/camdub/Internships/teams,https://api.github.com/repos/camdub/Internships/hooks,https://api.github.com/repos/camdub/Internships/issues/events{/number},https://api.github.com/repos/camdub/Internships/events,https://api.github.com/repos/camdub/Internships/assignees{/user},https://api.github.com/repos/camdub/Internships/branches{/branch},https://api.github.com/repos/camdub/Internships/tags,https://api.github.com/repos/camdub/Internships/git/blobs{/sha},https://api.github.com/repos/camdub/Internships/git/tags{/sha},https://api.github.com/repos/camdub/Internships/git/refs{/sha},https://api.github.com/repos/camdub/Internships/git/trees{/sha},https://api.github.com/repos/camdub/Internships/statuses/{sha},https://api.github.com/repos/camdub/Internships/languages,https://api.github.com/repos/camdub/Internships/stargazers,https://api.github.com/repos/camdub/Internships/contributors,https://api.github.com/repos/camdub/Internships/subscribers,https://api.github.com/repos/camdub/Internships/subscription,https://api.github.com/repos/camdub/Internships/commits{/sha},https://api.github.com/repos/camdub/Internships/git/commits{/sha},https://api.github.com/repos/camdub/Internships/comments{/number},https://api.github.com/repos/camdub/Internships/issues/comments{/number},https://api.github.com/repos/camdub/Internships/contents/{+path},https://api.github.com/repos/camdub/Internships/compare/{base}...{head},https://api.github.com/repos/camdub/Internships/merges,https://api.github.com/repos/camdub/Internships/{archive_format}{/ref},https://api.github.com/repos/camdub/Internships/downloads,https://api.github.com/repos/camdub/Internships/issues{/number},https://api.github.com/repos/camdub/Internships/pulls{/number},https://api.github.com/repos/camdub/Internships/milestones{/number},"https://api.github.com/repos/camdub/Internships/notifications{?since,all,participating}",https://api.github.com/repos/camdub/Internships/labels{/name},https://api.github.com/repos/camdub/Internships/releases{/id},https://api.github.com/repos/camdub/Internships/deployments,2011-05-19T22:30:50Z,2015-07-17T01:33:27Z,2012-08-22T01:49:08Z,git://github.com/camdub/Internships.git,git@github.com:camdub/Internships.git,https://github.com/camdub/Internships.git,https://github.com/camdub/Internships,,9773,1,1,JavaScript,True,True,True,True,True,False,1,,False,False,1,,True,False,False,[],public,1,1,1,master,1.0,camdub,503674,MDQ6VXNlcjUwMzY3NA==,https://avatars.githubusercontent.com/u/503674?v=4,,https://api.github.com/users/camdub,https://github.com/camdub,https://api.github.com/users/camdub/followers,https://api.github.com/users/camdub/following{/other_user},https://api.github.com/users/camdub/gists{/gist_id},https://api.github.com/users/camdub/starred{/owner}{/repo},https://api.github.com/users/camdub/subscriptions,https://api.github.com/users/camdub/orgs,https://api.github.com/users/camdub/repos,https://api.github.com/users/camdub/events{/privacy},https://api.github.com/users/camdub/received_events,User,False,False,False,False,False,True,,,,,,https://api.github.com/search/repositories?q=%22Humanities%22+created%3A2011-01-01..2011-12-31+sort:created&per_page=100&page=1,Humanities,Humanities,searched,"en, ku, mg, sm, sn, tl, fy"
1839426,MDEwOlJlcG9zaXRvcnkxODM5NDI2,CHAS,barrickj/CHAS,False,https://github.com/barrickj/CHAS,"College of Humanities, Arts, & Sciences",False,https://api.github.com/repos/barrickj/CHAS,https://api.github.com/repos/barrickj/CHAS/forks,https://api.github.com/repos/barrickj/CHAS/keys{/key_id},https://api.github.com/repos/barrickj/CHAS/collaborators{/collaborator},https://api.github.com/repos/barrickj/CHAS/teams,https://api.github.com/repos/barrickj/CHAS/hooks,https://api.github.com/repos/barrickj/CHAS/issues/events{/number},https://api.github.com/repos/barrickj/CHAS/events,https://api.github.com/repos/barrickj/CHAS/assignees{/user},https://api.github.com/repos/barrickj/CHAS/branches{/branch},https://api.github.com/repos/barrickj/CHAS/tags,https://api.github.com/repos/barrickj/CHAS/git/blobs{/sha},https://api.github.com/repos/barrickj/CHAS/git/tags{/sha},https://api.github.com/repos/barrickj/CHAS/git/refs{/sha},https://api.github.com/repos/barrickj/CHAS/git/trees{/sha},https://api.github.com/repos/barrickj/CHAS/statuses/{sha},https://api.github.com/repos/barrickj/CHAS/languages,https://api.github.com/repos/barrickj/CHAS/stargazers,https://api.github.com/repos/barrickj/CHAS/contributors,https://api.github.com/repos/barrickj/CHAS/subscribers,https://api.github.com/repos/barrickj/CHAS/subscription,https://api.github.com/repos/barrickj/CHAS/commits{/sha},https://api.github.com/repos/barrickj/CHAS/git/commits{/sha},https://api.github.com/repos/barrickj/CHAS/comments{/number},https://api.github.com/repos/barrickj/CHAS/issues/comments{/number},https://api.github.com/repos/barrickj/CHAS/contents/{+path},https://api.github.com/repos/barrickj/CHAS/compare/{base}...{head},https://api.github.com/repos/barrickj/CHAS/merges,https://api.github.com/repos/barrickj/CHAS/{archive_format}{/ref},https://api.github.com/repos/barrickj/CHAS/downloads,https://api.github.com/repos/barrickj/CHAS/issues{/number},https://api.github.com/repos/barrickj/CHAS/pulls{/number},https://api.github.com/repos/barrickj/CHAS/milestones{/number},"https://api.github.com/repos/barrickj/CHAS/notifications{?since,all,participating}",https://api.github.com/repos/barrickj/CHAS/labels{/name},https://api.github.com/repos/barrickj/CHAS/releases{/id},https://api.github.com/repos/barrickj/CHAS/deployments,2011-06-02T21:12:44Z,2013-01-03T14:17:10Z,,git://github.com/barrickj/CHAS.git,git@github.com:barrickj/CHAS.git,https://github.com/barrickj/CHAS.git,https://github.com/barrickj/CHAS,http://wwwstage.uni.edu/chas,48,1,1,,True,True,True,True,False,False,0,,False,False,0,,True,False,False,[],public,0,0,1,master,1.0,barrickj,826238,MDQ6VXNlcjgyNjIzOA==,https://avatars.githubusercontent.com/u/826238?v=4,,https://api.github.com/users/barrickj,https://github.com/barrickj,https://api.github.com/users/barrickj/followers,https://api.github.com/users/barrickj/following{/other_user},https://api.github.com/users/barrickj/gists{/gist_id},https://api.github.com/users/barrickj/starred{/owner}{/repo},https://api.github.com/users/barrickj/subscriptions,https://api.github.com/users/barrickj/orgs,https://api.github.com/users/barrickj/repos,https://api.github.com/users/barrickj/events{/privacy},https://api.github.com/users/barrickj/received_events,User,False,False,False,False,False,True,,,,,,https://api.github.com/search/repositories?q=%22Humanities%22+created%3A2011-01-01..2011-12-31+sort:created&per_page=100&page=1,Humanities,Humanities,searched,"en, ku, mg, sm, sn, tl, fy"
2692738,MDEwOlJlcG9zaXRvcnkyNjkyNzM4,Haiti-Concepts,gearguru/Haiti-Concepts,False,https://github.com/gearguru/Haiti-Concepts,Concepts used for Gaming the Humanities,False,https://api.github.com/repos/gearguru/Haiti-Concepts,https://api.github.com/repos/gearguru/Haiti-Concepts/forks,https://api.github.com/repos/gearguru/Haiti-Concepts/keys{/key_id},https://api.github.com/repos/gearguru/Haiti-Concepts/collaborators{/collaborator},https://api.github.com/repos/gearguru/Haiti-Concepts/teams,https://api.github.com/repos/gearguru/Haiti-Concepts/hooks,https://api.github.com/repos/gearguru/Haiti-Concepts/issues/events{/number},https://api.github.com/repos/gearguru/Haiti-Concepts/events,https://api.github.com/repos/gearguru/Haiti-Concepts/assignees{/user},https://api.github.com/repos/gearguru/Haiti-Concepts/branches{/branch},https://api.github.com/repos/gearguru/Haiti-Concepts/tags,https://api.github.com/repos/gearguru/Haiti-Concepts/git/blobs{/sha},https://api.github.com/repos/gearguru/Haiti-Concepts/git/tags{/sha},https://api.github.com/repos/gearguru/Haiti-Concepts/git/refs{/sha},https://api.github.com/repos/gearguru/Haiti-Concepts/git/trees{/sha},https://api.github.com/repos/gearguru/Haiti-Concepts/statuses/{sha},https://api.github.com/repos/gearguru/Haiti-Concepts/languages,https://api.github.com/repos/gearguru/Haiti-Concepts/stargazers,https://api.github.com/repos/gearguru/Haiti-Concepts/contributors,https://api.github.com/repos/gearguru/Haiti-Concepts/subscribers,https://api.github.com/repos/gearguru/Haiti-Concepts/subscription,https://api.github.com/repos/gearguru/Haiti-Concepts/commits{/sha},https://api.github.com/repos/gearguru/Haiti-Concepts/git/commits{/sha},https://api.github.com/repos/gearguru/Haiti-Concepts/comments{/number},https://api.github.com/repos/gearguru/Haiti-Concepts/issues/comments{/number},https://api.github.com/repos/gearguru/Haiti-Concepts/contents/{+path},https://api.github.com/repos/gearguru/Haiti-Concepts/compare/{base}...{head},https://api.github.com/repos/gearguru/Haiti-Concepts/merges,https://api.github.com/repos/gearguru/Haiti-Concepts/{archive_format}{/ref},https://api.github.com/repos/gearguru/Haiti-Concepts/downloads,https://api.github.com/repos/gearguru/Haiti-Concepts/issues{/number},https://api.github.com/repos/gearguru/Haiti-Concepts/pulls{/number},https://api.github.com/repos/gearguru/Haiti-Concepts/milestones{/number},"https://api.github.com/repos/gearguru/Haiti-Concepts/notifications{?since,all,participating}",https://api.github.com/repos/gearguru/Haiti-Concepts/labels{/name},https://api.github.com/repos/gearguru/Haiti-Concepts/releases{/id},https://api.github.com/repos/gearguru/Haiti-Concepts/deployments,2011-11-02T03:37:45Z,2013-01-04T13:31:31Z,,git://github.com/gearguru/Haiti-Concepts.git,git@github.com:gearguru/Haiti-Concepts.git,https://github.com/gearguru/Haiti-Concepts.git,https://github.com/gearguru/Haiti-Concepts,,48,1,1,,True,True,True,True,False,False,0,,False,False,0,,True,False,False,[],public,0,0,1,master,1.0,gearguru,1166479,MDQ6VXNlcjExNjY0Nzk=,https://avatars.githubusercontent.com/u/1166479?v=4,,https://api.github.com/users/gearguru,https://github.com/gearguru,https://api.github.com/users/gearguru/followers,https://api.github.com/users/gearguru/following{/other_user},https://api.github.com/users/gearguru/gists{/gist_id},https://api.github.com/users/gearguru/starred{/owner}{/repo},https://api.github.com/users/gearguru/subscriptions,https://api.github.com/users/gearguru/orgs,https://api.github.com/users/gearguru/repos,https://api.github.com/users/gearguru/events{/privacy},https://api.github.com/users/gearguru/received_events,User,False,False,False,False,False,True,,,,,,https://api.github.com/search/repositories?q=%22Humanities%22+created%3A2011-01-01..2011-12-31+sort:created&per_page=100&page=1,Humanities,Humanities,searched,"en, ku, mg, sm, sn, tl, fy"
1241546,MDEwOlJlcG9zaXRvcnkxMjQxNTQ2,latex-template,hraberg/latex-template,False,https://github.com/hraberg/latex-template,"This is a LaTeX template ""spike"" aimed for humanities papers with embedded source code.",False,https://api.github.com/repos/hraberg/latex-template,https://api.github.com/repos/hraberg/latex-template/forks,https://api.github.com/repos/hraberg/latex-template/keys{/key_id},https://api.github.com/repos/hraberg/latex-template/collaborators{/collaborator},https://api.github.com/repos/hraberg/latex-template/teams,https://api.github.com/repos/hraberg/latex-template/hooks,https://api.github.com/repos/hraberg/latex-template/issues/events{/number},https://api.github.com/repos/hraberg/latex-template/events,https://api.github.com/repos/hraberg/latex-template/assignees{/user},https://api.github.com/repos/hraberg/latex-template/branches{/branch},https://api.github.com/repos/hraberg/latex-template/tags,https://api.github.com/repos/hraberg/latex-template/git/blobs{/sha},https://api.github.com/repos/hraberg/latex-template/git/tags{/sha},https://api.github.com/repos/hraberg/latex-template/git/refs{/sha},https://api.github.com/repos/hraberg/latex-template/git/trees{/sha},https://api.github.com/repos/hraberg/latex-template/statuses/{sha},https://api.github.com/repos/hraberg/latex-template/languages,https://api.github.com/repos/hraberg/latex-template/stargazers,https://api.github.com/repos/hraberg/latex-template/contributors,https://api.github.com/repos/hraberg/latex-template/subscribers,https://api.github.com/repos/hraberg/latex-template/subscription,https://api.github.com/repos/hraberg/latex-template/commits{/sha},https://api.github.com/repos/hraberg/latex-template/git/commits{/sha},https://api.github.com/repos/hraberg/latex-template/comments{/number},https://api.github.com/repos/hraberg/latex-template/issues/comments{/number},https://api.github.com/repos/hraberg/latex-template/contents/{+path},https://api.github.com/repos/hraberg/latex-template/compare/{base}...{head},https://api.github.com/repos/hraberg/latex-template/merges,https://api.github.com/repos/hraberg/latex-template/{archive_format}{/ref},https://api.github.com/repos/hraberg/latex-template/downloads,https://api.github.com/repos/hraberg/latex-template/issues{/number},https://api.github.com/repos/hraberg/latex-template/pulls{/number},https://api.github.com/repos/hraberg/latex-template/milestones{/number},"https://api.github.com/repos/hraberg/latex-template/notifications{?since,all,participating}",https://api.github.com/repos/hraberg/latex-template/labels{/name},https://api.github.com/repos/hraberg/latex-template/releases{/id},https://api.github.com/repos/hraberg/latex-template/deployments,2011-01-11T12:59:34Z,2013-10-07T08:42:16Z,2011-01-11T17:46:48Z,git://github.com/hraberg/latex-template.git,git@github.com:hraberg/latex-template.git,https://github.com/hraberg/latex-template.git,https://github.com/hraberg/latex-template,http://www.ghettojedi.org/,136,2,2,Python,True,True,True,True,False,False,0,,False,False,0,,True,False,False,[],public,0,0,2,master,1.0,hraberg,232419,MDQ6VXNlcjIzMjQxOQ==,https://avatars.githubusercontent.com/u/232419?v=4,,https://api.github.com/users/hraberg,https://github.com/hraberg,https://api.github.com/users/hraberg/followers,https://api.github.com/users/hraberg/following{/other_user},https://api.github.com/users/hraberg/gists{/gist_id},https://api.github.com/users/hraberg/starred{/owner}{/repo},https://api.github.com/users/hraberg/subscriptions,https://api.github.com/users/hraberg/orgs,https://api.github.com/users/hraberg/repos,https://api.github.com/users/hraberg/events{/privacy},https://api.github.com/users/hraberg/received_events,User,False,False,False,False,False,True,,,,,,https://api.github.com/search/repositories?q=%22Humanities%22+created%3A2011-01-01..2011-12-31+sort:created&per_page=100&page=1,Humanities,Humanities,searched,"en, ku, mg, sm, sn, tl, fy"
2845986,MDEwOlJlcG9zaXRvcnkyODQ1OTg2,topoi,monotasker/topoi,False,https://github.com/monotasker/topoi,A web-app for managing primary-source research in the humanities,False,https://api.github.com/repos/monotasker/topoi,https://api.github.com/repos/monotasker/topoi/forks,https://api.github.com/repos/monotasker/topoi/keys{/key_id},https://api.github.com/repos/monotasker/topoi/collaborators{/collaborator},https://api.github.com/repos/monotasker/topoi/teams,https://api.github.com/repos/monotasker/topoi/hooks,https://api.github.com/repos/monotasker/topoi/issues/events{/number},https://api.github.com/repos/monotasker/topoi/events,https://api.github.com/repos/monotasker/topoi/assignees{/user},https://api.github.com/repos/monotasker/topoi/branches{/branch},https://api.github.com/repos/monotasker/topoi/tags,https://api.github.com/repos/monotasker/topoi/git/blobs{/sha},https://api.github.com/repos/monotasker/topoi/git/tags{/sha},https://api.github.com/repos/monotasker/topoi/git/refs{/sha},https://api.github.com/repos/monotasker/topoi/git/trees{/sha},https://api.github.com/repos/monotasker/topoi/statuses/{sha},https://api.github.com/repos/monotasker/topoi/languages,https://api.github.com/repos/monotasker/topoi/stargazers,https://api.github.com/repos/monotasker/topoi/contributors,https://api.github.com/repos/monotasker/topoi/subscribers,https://api.github.com/repos/monotasker/topoi/subscription,https://api.github.com/repos/monotasker/topoi/commits{/sha},https://api.github.com/repos/monotasker/topoi/git/commits{/sha},https://api.github.com/repos/monotasker/topoi/comments{/number},https://api.github.com/repos/monotasker/topoi/issues/comments{/number},https://api.github.com/repos/monotasker/topoi/contents/{+path},https://api.github.com/repos/monotasker/topoi/compare/{base}...{head},https://api.github.com/repos/monotasker/topoi/merges,https://api.github.com/repos/monotasker/topoi/{archive_format}{/ref},https://api.github.com/repos/monotasker/topoi/downloads,https://api.github.com/repos/monotasker/topoi/issues{/number},https://api.github.com/repos/monotasker/topoi/pulls{/number},https://api.github.com/repos/monotasker/topoi/milestones{/number},"https://api.github.com/repos/monotasker/topoi/notifications{?since,all,participating}",https://api.github.com/repos/monotasker/topoi/labels{/name},https://api.github.com/repos/monotasker/topoi/releases{/id},https://api.github.com/repos/monotasker/topoi/deployments,2011-11-24T21:05:17Z,2016-01-08T01:44:50Z,2016-04-23T18:45:15Z,git://github.com/monotasker/topoi.git,git@github.com:monotasker/topoi.git,https://github.com/monotasker/topoi.git,https://github.com/monotasker/topoi,,8868,2,2,Python,True,True,True,True,False,False,0,,False,False,0,,True,False,False,[],public,0,0,2,master,1.0,monotasker,673695,MDQ6VXNlcjY3MzY5NQ==,https://avatars.githubusercontent.com/u/673695?v=4,,https://api.github.com/users/monotasker,https://github.com/monotasker,https://api.github.com/users/monotasker/followers,https://api.github.com/users/monotasker/following{/other_user},https://api.github.com/users/monotasker/gists{/gist_id},https://api.github.com/users/monotasker/starred{/owner}{/repo},https://api.github.com/users/monotasker/subscriptions,https://api.github.com/users/monotasker/orgs,https://api.github.com/users/monotasker/repos,https://api.github.com/users/monotasker/events{/privacy},https://api.github.com/users/monotasker/received_events,User,False,False,False,False,False,True,other,Other,NOASSERTION,,MDc6TGljZW5zZTA=,https://api.github.com/search/repositories?q=%22Humanities%22+created%3A2011-01-01..2011-12-31+sort:created&per_page=100&page=1,Humanities,Humanities,searched,"en, ku, mg, sm, sn, tl, fy"
2213283,MDEwOlJlcG9zaXRvcnkyMjEzMjgz,sape,robinpetterd/sape,False,https://github.com/robinpetterd/sape,Spatial Annotation System for use in Digital Humanities work ,False,https://api.github.com/repos/robinpetterd/sape,https://api.github.com/repos/robinpetterd/sape/forks,https://api.github.com/repos/robinpetterd/sape/keys{/key_id},https://api.github.com/repos/robinpetterd/sape/collaborators{/collaborator},https://api.github.com/repos/robinpetterd/sape/teams,https://api.github.com/repos/robinpetterd/sape/hooks,https://api.github.com/repos/robinpetterd/sape/issues/events{/number},https://api.github.com/repos/robinpetterd/sape/events,https://api.github.com/repos/robinpetterd/sape/assignees{/user},https://api.github.com/repos/robinpetterd/sape/branches{/branch},https://api.github.com/repos/robinpetterd/sape/tags,https://api.github.com/repos/robinpetterd/sape/git/blobs{/sha},https://api.github.com/repos/robinpetterd/sape/git/tags{/sha},https://api.github.com/repos/robinpetterd/sape/git/refs{/sha},https://api.github.com/repos/robinpetterd/sape/git/trees{/sha},https://api.github.com/repos/robinpetterd/sape/statuses/{sha},https://api.github.com/repos/robinpetterd/sape/languages,https://api.github.com/repos/robinpetterd/sape/stargazers,https://api.github.com/repos/robinpetterd/sape/contributors,https://api.github.com/repos/robinpetterd/sape/subscribers,https://api.github.com/repos/robinpetterd/sape/subscription,https://api.github.com/repos/robinpetterd/sape/commits{/sha},https://api.github.com/repos/robinpetterd/sape/git/commits{/sha},https://api.github.com/repos/robinpetterd/sape/comments{/number},https://api.github.com/repos/robinpetterd/sape/issues/comments{/number},https://api.github.com/repos/robinpetterd/sape/contents/{+path},https://api.github.com/repos/robinpetterd/sape/compare/{base}...{head},https://api.github.com/repos/robinpetterd/sape/merges,https://api.github.com/repos/robinpetterd/sape/{archive_format}{/ref},https://api.github.com/repos/robinpetterd/sape/downloads,https://api.github.com/repos/robinpetterd/sape/issues{/number},https://api.github.com/repos/robinpetterd/sape/pulls{/number},https://api.github.com/repos/robinpetterd/sape/milestones{/number},"https://api.github.com/repos/robinpetterd/sape/notifications{?since,all,participating}",https://api.github.com/repos/robinpetterd/sape/labels{/name},https://api.github.com/repos/robinpetterd/sape/releases{/id},https://api.github.com/repos/robinpetterd/sape/deployments,2011-08-16T01:17:25Z,2014-04-26T20:04:36Z,2011-11-29T06:10:54Z,git://github.com/robinpetterd/sape.git,git@github.com:robinpetterd/sape.git,https://github.com/robinpetterd/sape.git,https://github.com/robinpetterd/sape,,136,1,1,PHP,True,True,True,True,False,False,0,,False,False,0,,True,False,False,[],public,0,0,1,master,1.0,robinpetterd,982339,MDQ6VXNlcjk4MjMzOQ==,https://avatars.githubusercontent.com/u/982339?v=4,,https://api.github.com/users/robinpetterd,https://github.com/robinpetterd,https://api.github.com/users/robinpetterd/followers,https://api.github.com/users/robinpetterd/following{/other_user},https://api.github.com/users/robinpetterd/gists{/gist_id},https://api.github.com/users/robinpetterd/starred{/owner}{/repo},https://api.github.com/users/robinpetterd/subscriptions,https://api.github.com/users/robinpetterd/orgs,https://api.github.com/users/robinpetterd/repos,https://api.github.com/users/robinpetterd/events{/privacy},https://api.github.com/users/robinpetterd/received_events,User,False,False,False,False,False,True,,,,,,https://api.github.com/search/repositories?q=%22Humanities%22+created%3A2011-01-01..2011-12-31+sort:created&per_page=100&page=1,Humanities,Humanities,searched,"en, ku, mg, sm, sn, tl, fy"
2633779,MDEwOlJlcG9zaXRvcnkyNjMzNzc5,Adaptations,vyasakanksha/Adaptations,False,https://github.com/vyasakanksha/Adaptations,A Framework to Study Adaptations Across Media Cultural Paradigms. This project is my thesis towards my Humanities Major.,False,https://api.github.com/repos/vyasakanksha/Adaptations,https://api.github.com/repos/vyasakanksha/Adaptations/forks,https://api.github.com/repos/vyasakanksha/Adaptations/keys{/key_id},https://api.github.com/repos/vyasakanksha/Adaptations/collaborators{/collaborator},https://api.github.com/repos/vyasakanksha/Adaptations/teams,https://api.github.com/repos/vyasakanksha/Adaptations/hooks,https://api.github.com/repos/vyasakanksha/Adaptations/issues/events{/number},https://api.github.com/repos/vyasakanksha/Adaptations/events,https://api.github.com/repos/vyasakanksha/Adaptations/assignees{/user},https://api.github.com/repos/vyasakanksha/Adaptations/branches{/branch},https://api.github.com/repos/vyasakanksha/Adaptations/tags,https://api.github.com/repos/vyasakanksha/Adaptations/git/blobs{/sha},https://api.github.com/repos/vyasakanksha/Adaptations/git/tags{/sha},https://api.github.com/repos/vyasakanksha/Adaptations/git/refs{/sha},https://api.github.com/repos/vyasakanksha/Adaptations/git/trees{/sha},https://api.github.com/repos/vyasakanksha/Adaptations/statuses/{sha},https://api.github.com/repos/vyasakanksha/Adaptations/languages,https://api.github.com/repos/vyasakanksha/Adaptations/stargazers,https://api.github.com/repos/vyasakanksha/Adaptations/contributors,https://api.github.com/repos/vyasakanksha/Adaptations/subscribers,https://api.github.com/repos/vyasakanksha/Adaptations/subscription,https://api.github.com/repos/vyasakanksha/Adaptations/commits{/sha},https://api.github.com/repos/vyasakanksha/Adaptations/git/commits{/sha},https://api.github.com/repos/vyasakanksha/Adaptations/comments{/number},https://api.github.com/repos/vyasakanksha/Adaptations/issues/comments{/number},https://api.github.com/repos/vyasakanksha/Adaptations/contents/{+path},https://api.github.com/repos/vyasakanksha/Adaptations/compare/{base}...{head},https://api.github.com/repos/vyasakanksha/Adaptations/merges,https://api.github.com/repos/vyasakanksha/Adaptations/{archive_format}{/ref},https://api.github.com/repos/vyasakanksha/Adaptations/downloads,https://api.github.com/repos/vyasakanksha/Adaptations/issues{/number},https://api.github.com/repos/vyasakanksha/Adaptations/pulls{/number},https://api.github.com/repos/vyasakanksha/Adaptations/milestones{/number},"https://api.github.com/repos/vyasakanksha/Adaptations/notifications{?since,all,participating}",https://api.github.com/repos/vyasakanksha/Adaptations/labels{/name},https://api.github.com/repos/vyasakanksha/Adaptations/releases{/id},https://api.github.com/repos/vyasakanksha/Adaptations/deployments,2011-10-24T02:29:53Z,2019-06-26T16:16:54Z,2012-02-24T04:10:12Z,git://github.com/vyasakanksha/Adaptations.git,git@github.com:vyasakanksha/Adaptations.git,https://github.com/vyasakanksha/Adaptations.git,https://github.com/vyasakanksha/Adaptations,,216,1,1,,True,True,True,True,False,False,0,,False,False,0,,True,False,False,[],public,0,0,1,master,1.0,vyasakanksha,649907,MDQ6VXNlcjY0OTkwNw==,https://avatars.githubusercontent.com/u/649907?v=4,,https://api.github.com/users/vyasakanksha,https://github.com/vyasakanksha,https://api.github.com/users/vyasakanksha/followers,https://api.github.com/users/vyasakanksha/following{/other_user},https://api.github.com/users/vyasakanksha/gists{/gist_id},https://api.github.com/users/vyasakanksha/starred{/owner}{/repo},https://api.github.com/users/vyasakanksha/subscriptions,https://api.github.com/users/vyasakanksha/orgs,https://api.github.com/users/vyasakanksha/repos,https://api.github.com/users/vyasakanksha/events{/privacy},https://api.github.com/users/vyasakanksha/received_events,User,False,False,False,False,False,True,,,,,,https://api.github.com/search/repositories?q=%22Humanities%22+created%3A2011-01-01..2011-12-31+sort:created&per_page=100&page=1,Humanities,Humanities,searched,"en, ku, mg, sm, sn, tl, fy"
2198707,MDEwOlJlcG9zaXRvcnkyMTk4NzA3,artshumfac,modified65/artshumfac,False,https://github.com/modified65/artshumfac,Drupal module used by SF State College of Arts and Humanities departments to pull in faculty contact info from the College's online directory,False,https://api.github.com/repos/modified65/artshumfac,https://api.github.com/repos/modified65/artshumfac/forks,https://api.github.com/repos/modified65/artshumfac/keys{/key_id},https://api.github.com/repos/modified65/artshumfac/collaborators{/collaborator},https://api.github.com/repos/modified65/artshumfac/teams,https://api.github.com/repos/modified65/artshumfac/hooks,https://api.github.com/repos/modified65/artshumfac/issues/events{/number},https://api.github.com/repos/modified65/artshumfac/events,https://api.github.com/repos/modified65/artshumfac/assignees{/user},https://api.github.com/repos/modified65/artshumfac/branches{/branch},https://api.github.com/repos/modified65/artshumfac/tags,https://api.github.com/repos/modified65/artshumfac/git/blobs{/sha},https://api.github.com/repos/modified65/artshumfac/git/tags{/sha},https://api.github.com/repos/modified65/artshumfac/git/refs{/sha},https://api.github.com/repos/modified65/artshumfac/git/trees{/sha},https://api.github.com/repos/modified65/artshumfac/statuses/{sha},https://api.github.com/repos/modified65/artshumfac/languages,https://api.github.com/repos/modified65/artshumfac/stargazers,https://api.github.com/repos/modified65/artshumfac/contributors,https://api.github.com/repos/modified65/artshumfac/subscribers,https://api.github.com/repos/modified65/artshumfac/subscription,https://api.github.com/repos/modified65/artshumfac/commits{/sha},https://api.github.com/repos/modified65/artshumfac/git/commits{/sha},https://api.github.com/repos/modified65/artshumfac/comments{/number},https://api.github.com/repos/modified65/artshumfac/issues/comments{/number},https://api.github.com/repos/modified65/artshumfac/contents/{+path},https://api.github.com/repos/modified65/artshumfac/compare/{base}...{head},https://api.github.com/repos/modified65/artshumfac/merges,https://api.github.com/repos/modified65/artshumfac/{archive_format}{/ref},https://api.github.com/repos/modified65/artshumfac/downloads,https://api.github.com/repos/modified65/artshumfac/issues{/number},https://api.github.com/repos/modified65/artshumfac/pulls{/number},https://api.github.com/repos/modified65/artshumfac/milestones{/number},"https://api.github.com/repos/modified65/artshumfac/notifications{?since,all,participating}",https://api.github.com/repos/modified65/artshumfac/labels{/name},https://api.github.com/repos/modified65/artshumfac/releases{/id},https://api.github.com/repos/modified65/artshumfac/deployments,2011-08-12T19:03:00Z,2014-05-16T07:33:29Z,2011-08-12T19:03:03Z,git://github.com/modified65/artshumfac.git,git@github.com:modified65/artshumfac.git,https://github.com/modified65/artshumfac.git,https://github.com/modified65/artshumfac,,88,1,1,,True,True,True,True,False,False,0,,False,False,0,,True,False,False,[],public,0,0,1,master,1.0,modified65,607229,MDQ6VXNlcjYwNzIyOQ==,https://avatars.githubusercontent.com/u/607229?v=4,,https://api.github.com/users/modified65,https://github.com/modified65,https://api.github.com/users/modified65/followers,https://api.github.com/users/modified65/following{/other_user},https://api.github.com/users/modified65/gists{/gist_id},https://api.github.com/users/modified65/starred{/owner}{/repo},https://api.github.com/users/modified65/subscriptions,https://api.github.com/users/modified65/orgs,https://api.github.com/users/modified65/repos,https://api.github.com/users/modified65/events{/privacy},https://api.github.com/users/modified65/received_events,User,False,False,False,False,False,True,,,,,,https://api.github.com/search/repositories?q=%22Humanities%22+created%3A2011-01-01..2011-12-31+sort:created&per_page=100&page=1,Humanities,Humanities,searched,"en, ku, mg, sm, sn, tl, fy"
